N (%),P (%),K (%),temperature (C),relative humidity (%),ph,label
2.614216339,0.2750707341,3.648523269,24.4450567,55.92779455,6.181545667,Cereal
3.682413359,0.217083114,2.338205157,21.10282557,61.67153104,5.818588591,Cereal
2.022517501,0.4925364891,3.272810487,17.85246275,62.43198423,6.066724632,Cereal
1.140960276,0.3970230896,2.242730052,21.23740762,75.25884746,7.609966901,Cereal
2.971728557,0.4265577454,3.104570021,21.03650809,69.91155331,6.465730915,Vegetables
3.915757443,0.2321445906,5.993259839,18.63401205,54.18417423,6.108399434,Vegetables
1.614094319,0.4988140011,2.50409763,29.04829143,75.97939003,7.890093825,Cereal
2.89867038,0.2078042029,0.3469112551,28.03736881,51.79997175,6.019132115,Pulses
1.872163925,0.2719498479,2.198707538,32.50020028,64.96721126,8.466230158,Cereal
3.966821101,0.397796321,0.4260229197,19.6196634,69.62320783,6.504997008,Pulses
2.883390534,0.4806911376,4.95972115,12.748112,60.6750035,6.189022228,Vegetables
2.821094984,0.4367828128,2.126113597,26.00753525,58.4982059,7.754183609,Cereal
3.907531398,0.2812549316,4.009594847,11.23622585,67.99985121,6.216862213,Vegetables
3.829109414,0.4613152451,3.510175598,13.37067782,54.78531574,6.998006382,Vegetables
1.048249965,0.4407125279,2.78046017,19.43448619,55.85478898,5.997057288,Cereal
2.551727383,0.4913644195,3.317354264,22.98762081,68.09428367,6.279490899,Cereal
1.172972397,0.3688451245,3.49130022,20.10162103,61.6182193,6.576674515,Vegetables
1.968469165,0.2704201402,3.410435283,31.59239429,68.91510031,6.072346354,Cereal
3.345301399,0.2802517352,0.4456693785,24.21954127,59.15788066,6.711009799,Pulses
3.639166038,0.2934053552,5.587718172,26.1344683,58.72928306,6.94556497,Vegetables
2.85219784,0.2725245214,0.3553722287,26.33454588,50.09649271,7.996496006,Pulses
2.214013717,0.4699530367,4.78794527,6.672167502,69.74006211,6.934854014,Vegetables
3.086291664,0.4866317429,0.455091543,27.91166948,69.94592338,6.125385456,Pulses
1.143461303,0.2365482169,3.227139245,24.91380462,60.72212883,6.852886959,Vegetables
3.643711162,0.283613758,0.4398032823,16.11304028,58.23852718,7.140483936,Pulses
2.514824534,0.2586068647,2.057905326,30.85907074,63.68490039,6.702084355,Cereal
3.343141196,0.2436118619,0.3149506758,26.38619329,55.09271793,7.515179166,Pulses
1.530124226,0.2151498536,3.70302387,13.15019867,56.97233123,6.39378988,Vegetables
3.476497271,0.3713590407,2.554828608,30.54417434,79.67751315,6.628548932,Cereal
2.856598241,0.3201738844,3.138174662,24.24653635,64.54670542,6.812598331,Cereal
2.488802815,0.3397498225,4.419359927,28.60795392,57.46966647,6.323707727,Vegetables
2.387572473,0.4903995511,3.809735195,26.2759764,67.72298444,6.659630822,Vegetables
2.239558782,0.3190941263,0.4497266218,23.11250539,60.0215052,7.002631549,Pulses
3.277499498,0.2765042717,0.4631021118,18.06956841,55.59390475,7.536833065,Pulses
1.877917128,0.234206168,4.951719125,24.73243711,55.93889615,6.342004627,Vegetables
2.277182562,0.3403772061,3.050179984,28.41412351,55.96171246,6.946965812,Vegetables
3.113036451,0.4605799958,0.4360176215,26.17502088,61.80549251,7.643019901,Pulses
1.187847539,0.2139539496,2.530307123,26.88234087,56.91661113,6.364132151,Vegetables
2.956467062,0.2714919471,2.685654724,19.53220154,65.00839265,5.555483621,Cereal
3.72324081,0.2438288059,2.609597271,20.39495036,71.9701235,7.839091841,Cereal
1.502019581,0.3728179401,3.676992996,28.25037925,52.72576205,6.892070887,Cereal
1.086697431,0.3115657194,2.294438973,20.74485629,75.39010406,6.4471199,Cereal
3.752941894,0.3154690349,0.4962700601,18.65243611,65.82847921,7.685505984,Pulses
3.466298301,0.4723386445,3.996929449,9.879106219,53.34305522,6.761426704,Vegetables
3.494578572,0.4463779947,2.439447852,17.65968247,71.84233707,7.793485641,Cereal
2.763948416,0.4475675903,3.45516752,29.23548492,74.4747403,5.965336124,Cereal
2.682886217,0.2985962212,3.80341153,17.93256346,79.28607236,7.607694782,Cereal
3.188395461,0.2123553657,2.046928859,29.97104664,69.23931704,5.649738054,Cereal
3.363750004,0.4159056665,3.393278912,12.21369624,60.49689918,6.13535512,Vegetables
2.058465889,0.4809869621,3.363589177,34.46042208,71.4201736,5.829758664,Cereal
2.331337497,0.2549726433,2.386955588,28.86464549,78.66570579,8.421734899,Cereal
3.981554851,0.4071808684,0.4582407731,27.93031102,64.2782377,6.219586233,Pulses
2.672967191,0.4919659293,3.777221339,16.03283056,51.63731364,6.50791927,Vegetables
1.175773875,0.3972691961,4.747116276,21.59631904,58.20868043,6.220033772,Vegetables
3.608980135,0.3251637836,0.307252485,22.81132657,69.97206918,6.11137495,Pulses
2.779622529,0.3995589023,3.005130953,19.29518846,51.33632414,7.510713015,Cereal
2.261447706,0.2907547864,0.3900577253,27.91646904,63.07497046,7.827493511,Pulses
2.210480254,0.3707540807,0.4970762059,15.90141713,59.09227687,7.186543249,Pulses
1.932000817,0.2871039146,2.895242286,22.58767637,65.5783178,8.274947832,Cereal
3.481986156,0.2679020755,0.3754364652,24.45987522,64.00835005,6.981909313,Pulses
2.923141147,0.3104545282,0.4427468815,28.01223082,62.08996852,6.660828238,Pulses
3.571099009,0.4327032507,2.149153719,34.31043489,62.13732937,6.494297487,Cereal
1.693805176,0.2805523529,3.263620576,16.00059768,63.43424108,6.551463253,Vegetables
3.869141441,0.3834737599,2.137606861,23.35762503,55.07422503,7.368952507,Cereal
2.253402834,0.3521300576,2.65445804,31.63017558,61.79546399,5.898037948,Cereal
1.988799522,0.2412868341,3.896843758,26.6367083,51.86686113,7.95891752,Cereal
2.087286465,0.2526395687,5.158547208,14.37304195,59.54688512,6.4283262,Vegetables
3.236562804,0.3719933385,5.216038462,23.13305861,51.68252411,6.339967078,Vegetables
1.992249496,0.429059737,4.975341348,4.252519977,64.28369761,6.362078377,Vegetables
3.723142375,0.2295270781,3.825705713,13.1457474,63.90385479,6.139111719,Vegetables
3.688548159,0.2589727147,0.3575032837,29.23402705,69.93243031,6.104999364,Pulses
3.699961434,0.241160888,0.3975751945,21.25509641,57.0836082,7.622175397,Pulses
2.415821674,0.3512652724,0.3610283313,19.50300733,65.92723688,7.112637131,Pulses
3.717892133,0.4586618573,5.965527156,8.755653621,64.25231247,6.337169913,Vegetables
1.859923175,0.3085788235,2.983511897,24.53055537,58.01411728,8.254624541,Cereal
3.179789334,0.2354996059,3.503419148,16.4469122,64.59325889,6.888645069,Vegetables
2.969139685,0.311751231,0.4492732233,20.99755321,53.03039351,6.128802941,Pulses
1.329027055,0.227730611,2.120902759,17.12868908,66.12579904,6.168141597,Vegetables
1.801257036,0.4416474295,4.769295564,6.321995787,56.88007753,6.475713729,Vegetables
2.353452256,0.4016915568,0.4847694826,29.44567027,66.69319808,6.182432409,Pulses
3.746877391,0.3375859311,3.151772311,24.99537529,57.6514157,7.34269211,Cereal
3.744680604,0.3854001045,2.034716054,27.07951786,58.06068724,7.614965295,Cereal
1.948968317,0.4765929954,3.521636597,15.74164768,73.96455546,7.152975663,Cereal
3.941553262,0.2912348284,4.38952022,20.18665839,56.95886356,6.977632215,Vegetables
3.515393076,0.3024514993,3.863279849,6.551181883,64.80292606,6.396528142,Vegetables
1.971754941,0.4571375341,4.807549946,24.75827725,51.11870111,6.913841996,Vegetables
3.89274337,0.357391176,3.700135788,29.6239913,63.80997728,8.266887253,Cereal
3.947909499,0.2927773977,3.491984974,21.08257478,59.75167075,7.38248864,Cereal
2.721647271,0.2276620295,2.871590258,19.6157502,70.75992407,5.746611565,Cereal
3.693696018,0.4398027948,0.3637219776,21.33266539,53.52818776,7.764554367,Pulses
1.851847831,0.2734514267,4.556775482,23.0263637,50.25889524,6.106006663,Vegetables
1.968889337,0.3738854286,2.26079033,21.72459688,68.59047086,8.112187412,Cereal
2.348889718,0.3258947825,0.4327594737,16.88451077,60.78653891,7.999789269,Pulses
1.929287484,0.3265722317,5.748359829,14.8641855,53.09376624,6.897031725,Vegetables
2.924884872,0.4124721391,4.294991273,27.07288369,56.16789433,6.916865435,Vegetables
2.227285717,0.2212809943,2.655288925,18.04908228,79.53614419,6.224915166,Cereal
1.234862001,0.4660005564,2.431999246,24.79699784,75.74675897,5.998619927,Cereal
3.353277066,0.3078204041,0.4788075583,27.81429017,62.91289497,7.956028427,Pulses
2.074197087,0.3417831191,0.3173348345,28.42240261,67.83084168,6.073247625,Pulses
3.574109318,0.4997366396,0.3067064096,18.0650495,64.20647471,6.744522451,Pulses
2.443785578,0.3582553848,5.406921566,16.56635549,52.53400417,6.983267613,Vegetables
1.764327843,0.348176827,3.884968971,14.44199851,65.10064559,6.792825131,Vegetables
3.005099148,0.2956136881,0.3456456464,17.73233581,55.85748303,7.300700885,Pulses
1.847269438,0.2028415029,2.926315831,24.02095187,61.91740854,6.685242853,Vegetables
2.204363772,0.2772868741,3.320989294,6.484493655,51.96657704,6.196515217,Vegetables
1.217387451,0.4664389312,3.769286837,18.34392621,57.81643848,5.798946758,Cereal
2.549537073,0.274533407,3.926454497,22.34962772,51.96784781,6.191071296,Vegetables
3.312400274,0.243756,0.3608941324,26.06455708,62.66831787,7.596534487,Pulses
2.432465631,0.2546545327,2.645480136,24.46430372,79.98524342,5.92065142,Cereal
3.378396632,0.2433628264,2.419393557,25.65354595,71.63959805,8.488771703,Cereal
1.856424649,0.3389959156,5.183944439,4.757906502,63.43573186,6.371119975,Vegetables
2.643987453,0.3308496169,2.852929321,27.54558416,51.20067881,5.530198456,Cereal
2.546967631,0.2846845197,2.231989278,22.17488329,55.91551927,6.667120583,Cereal
1.777156315,0.4525679223,2.168003928,33.00416352,62.41883115,6.366990932,Cereal
2.094706467,0.4014751072,0.3059205865,22.49407595,63.48625269,7.945036782,Pulses
3.327487106,0.2917683768,0.4988494625,23.56804205,53.38942905,7.204579749,Pulses
3.042424493,0.4956554074,5.133633842,14.504681,56.65147236,6.681055098,Vegetables
2.963796804,0.2518815591,3.800478749,19.28651756,54.1932182,6.214056598,Cereal
1.777093025,0.2911162477,2.126561031,31.83961886,56.1364434,6.456710678,Cereal
1.017806639,0.4500062765,3.715648426,15.89496769,57.97065187,6.462030899,Vegetables
2.024130419,0.4438026682,0.378910815,29.79297725,53.4255474,6.761768492,Pulses
1.913405294,0.2864145012,4.923111953,7.716316747,54.20780076,6.783635844,Vegetables
3.288876569,0.3811334815,0.4635910547,18.08349967,59.2641545,7.915923617,Pulses
2.324369344,0.2204569616,2.826353558,32.64077379,58.92012639,7.619648959,Cereal
3.273572199,0.389855462,0.3272493079,21.72396122,61.6261951,7.622540267,Pulses
2.691372991,0.240497973,0.3819777008,26.63291361,56.76136784,6.227165496,Pulses
2.800446351,0.232368559,3.160103227,8.790930984,56.74916008,6.846026944,Vegetables
1.166228401,0.2746995197,3.031303935,28.03689022,57.96932957,7.224277559,Cereal
2.964636728,0.2169407602,3.852155682,32.42390374,53.53886339,6.991486534,Cereal
3.550213169,0.4333279643,2.080631422,24.33931471,71.96231307,5.776245726,Cereal
2.146694933,0.4164843543,4.017147733,12.72318461,53.89357797,6.245444086,Vegetables
2.646701276,0.4329245289,2.39583901,19.68499291,60.35330724,8.017850149,Cereal
1.511224601,0.2446855992,2.854556214,22.79756966,63.36083898,6.738490398,Vegetables
2.487466327,0.2827520405,3.376069448,34.34568003,63.02073191,7.417006291,Cereal
3.493307614,0.3392002043,3.953299441,18.16431449,64.32133066,7.36148848,Cereal
2.213693794,0.2674337602,3.601495454,17.0134974,52.04511406,6.388411382,Vegetables
2.71718497,0.4872195504,0.3370318612,21.09881635,59.71833848,7.912228449,Pulses
3.106391467,0.2630991259,0.336467122,17.87982791,66.25404566,7.242061415,Pulses
1.391128293,0.4877848599,3.754946405,25.10772398,61.96904627,5.647407795,Cereal
2.99707822,0.3525494058,2.518450004,24.79882869,59.52869907,6.787085187,Cereal
3.547332803,0.2925255105,0.4028095466,17.50011518,64.79848824,7.880010883,Pulses
3.324240692,0.4562921834,3.495903765,21.5605658,55.48852126,6.089988064,Cereal
2.482459072,0.4777062616,0.4182435268,19.4172858,53.08772857,6.110921549,Pulses
3.906263171,0.3675459941,0.3039514411,29.19086132,64.27413048,7.939222327,Pulses
2.653430703,0.4872080339,0.3265666541,21.30391201,57.60180164,6.93908857,Pulses
3.286212037,0.4406988996,3.323535848,19.74552091,71.3973731,8.028823859,Cereal
2.411091519,0.2708960728,0.4558522197,17.42803019,61.60041987,6.623627112,Pulses
3.336117605,0.3528704603,5.519530888,20.22844702,52.15086276,6.856633858,Vegetables
2.984946006,0.3342445092,0.3482507998,23.22834269,64.73464115,7.545756712,Pulses
2.55600252,0.3792650916,2.497422173,34.96211906,54.29481445,6.952809877,Cereal
2.93822194,0.3825204377,0.3740208238,18.27507299,52.48391085,6.719176038,Pulses
2.609455964,0.3354432323,0.3646450118,15.90599282,53.66875851,7.316476714,Pulses
2.680409877,0.4916555834,0.4821512967,29.63576537,65.28819382,7.891227785,Pulses
1.57750825,0.357440479,2.619509556,28.18390802,60.33626476,6.226738582,Cereal
3.480801556,0.3844570086,0.3249640485,20.52398026,56.44893988,6.708524298,Pulses
2.338697367,0.2762355508,3.929647348,22.29988604,60.94201472,6.115780363,Vegetables
3.778554124,0.2372773173,2.394845125,32.51395718,57.70427717,7.776038858,Cereal
2.386079565,0.2822463467,4.038114273,27.12964313,58.58391489,6.330352065,Vegetables
3.01298706,0.3518619729,3.110986139,15.6597397,71.33306152,8.058636072,Cereal
2.847677817,0.4525955175,2.421904867,16.99734826,75.33664496,7.650611988,Cereal
2.301703127,0.3989386997,3.26669906,26.22314119,70.26623354,6.25307076,Cereal
2.877595202,0.3865494345,2.683704015,25.91189638,77.93173192,7.085404086,Cereal
3.461275742,0.2842692755,2.021025323,15.80707596,57.74485791,7.993411273,Cereal
2.413440289,0.3689477518,3.672041869,16.33192625,65.22476962,6.048367195,Cereal
1.609053938,0.300344122,2.661533926,19.34381953,63.78369231,5.874620902,Cereal
1.657269899,0.3871961494,2.154316965,19.90955323,61.44580984,6.489560343,Vegetables
3.902495363,0.3645979184,0.4365975795,15.4967983,68.84526322,6.884912533,Pulses
3.216646184,0.492518954,2.058641332,11.43747053,52.42644864,6.308655513,Vegetables
2.347727084,0.3008317237,3.407362919,23.7313827,74.32919525,6.218837725,Cereal
3.693751376,0.2221262211,2.761847193,4.695617198,55.2084462,6.854524181,Vegetables
3.068289059,0.4982518254,2.588653381,28.89840789,51.36980373,6.512813667,Vegetables
3.130188144,0.3356437733,0.4444738063,23.93402285,60.05959077,7.293003359,Pulses
2.089272988,0.2719242931,0.4977197067,29.45062387,69.84071873,6.869778858,Pulses
2.229648376,0.2399245925,3.816613166,15.05740612,57.72811517,7.843145557,Cereal
3.941796772,0.4001801878,5.130450245,14.10076225,55.4814567,6.402860214,Vegetables
3.59578198,0.3529831174,2.331452931,16.39513075,59.6788389,8.438180196,Cereal
1.604636303,0.2152109096,2.657756524,18.16767122,53.14142212,7.013224735,Cereal
3.093965718,0.2354852972,2.274111142,15.67229731,68.26493052,6.028500602,Vegetables
2.72349835,0.4703251209,2.428449413,5.405602565,68.95020976,6.662757135,Vegetables
3.671478098,0.3906389262,0.3659318116,15.97567535,60.13441183,6.798024884,Pulses
2.566384981,0.3845931468,0.3353079542,29.4331413,53.60157208,6.777813394,Pulses
2.725011603,0.3175508268,3.118520563,28.45550312,78.73263453,6.049634495,Cereal
3.955976948,0.3173166853,0.4212970366,28.06143827,69.22843092,7.710750665,Pulses
1.381945458,0.414677181,3.890288685,34.7149708,71.58317379,5.708841761,Cereal
1.75038506,0.4313012019,2.643346327,17.77998816,53.07757052,6.560156523,Vegetables
3.844174295,0.2578554132,2.943046674,17.29057622,53.53268508,8.371528718,Cereal
3.862339926,0.4565841687,0.3246660218,26.91748745,54.04850555,6.059887356,Pulses
2.358209156,0.4589730054,0.4789190251,18.1282528,68.7072738,6.876066834,Pulses
2.888205414,0.3423310901,0.3749367347,21.84367909,69.37343364,6.254776787,Pulses
1.821554765,0.2074404748,5.457973242,6.452887168,64.64375285,6.748065632,Vegetables
2.445308064,0.4222360422,2.985780542,16.60743624,57.41241503,6.590927519,Vegetables
3.59297601,0.3665691562,2.919723297,20.14522267,64.64870624,7.697276939,Cereal
2.52867874,0.3920751617,2.476047668,27.92259736,68.28341787,6.740093407,Cereal
3.343775639,0.4734252885,2.29905907,23.99894915,52.47549261,6.809579097,Vegetables
1.478831445,0.3921196583,2.857753438,30.28170959,77.50205942,7.677592716,Cereal
3.727095969,0.354891521,2.723469792,20.80499973,50.28301551,5.745023174,Cereal
1.773522002,0.3729146243,4.845919687,28.11810922,57.06820201,6.619391149,Vegetables
2.021582532,0.3291057658,0.4073097983,19.97376808,64.23811515,6.897101957,Pulses
2.758193199,0.3324051346,5.019660471,7.545414016,65.73546003,6.131078114,Vegetables
3.021443865,0.4131926392,0.3480058425,26.06829509,57.05654988,6.965842468,Pulses
1.570941281,0.4134132891,4.616583965,12.88225008,67.88960084,6.726886427,Vegetables
2.168018924,0.4817192001,4.932321367,15.07834522,54.81169363,6.638855329,Vegetables
1.277791824,0.4218467936,2.749973858,20.7532074,75.56002478,7.016925513,Cereal
1.617382959,0.2404965295,2.159536141,27.39383626,78.39633483,5.939255278,Cereal
2.428052299,0.4324984223,0.4092259249,22.58010861,55.78383398,7.935369618,Pulses
3.651387748,0.4455525627,2.418139497,15.37896598,51.17282736,6.466112338,Cereal
2.704156298,0.4165588859,4.529116673,7.20174154,60.32738491,6.17164734,Vegetables
1.939488586,0.4540954321,2.406767849,20.73812017,50.10889666,6.45491895,Vegetables
3.61423078,0.4146352531,0.425892857,28.52944921,67.26127273,6.072169443,Pulses
1.775858025,0.4632867033,4.159466308,15.13107046,68.66401944,6.450732587,Vegetables
3.61211518,0.3637009318,0.4632123457,17.09906206,50.27940311,6.445588261,Pulses
1.647680561,0.4423015973,5.217010351,26.55021932,63.88929889,6.889074721,Vegetables
2.563280111,0.3244980058,3.520538605,31.00384503,59.4541449,7.638136694,Cereal
1.300273418,0.2855589348,5.100235118,10.57106581,55.62347112,6.523315728,Vegetables
1.24589229,0.2669017437,2.588116533,21.69760484,60.07683008,7.910495391,Cereal
2.000677604,0.4006843426,2.338906219,28.29090773,69.23122423,7.872465617,Cereal
1.729754916,0.4100113612,5.642168597,10.89934419,55.26551902,6.723596407,Vegetables
2.691865835,0.3576909766,2.610252184,10.43107635,62.4316883,6.956858788,Vegetables
3.105931694,0.2475596507,0.3999696147,25.58628886,61.17714922,6.954344062,Pulses
3.655219013,0.3784251331,3.052678747,25.73275977,54.83225362,7.790468352,Cereal
1.254457257,0.2698823104,2.619452076,22.20916249,61.51767873,6.902262414,Cereal
3.260007637,0.4733693823,5.255302897,11.09376879,61.77617178,6.150354277,Vegetables
2.03672536,0.434340104,5.524657592,20.64549137,61.74444228,6.155013998,Vegetables
2.890164655,0.3707006955,0.3407284756,24.92824035,53.69857794,7.680752092,Pulses
1.327408073,0.3858635556,4.696814014,9.844945938,52.34894563,6.70973721,Vegetables
3.220802641,0.2377801365,5.366306735,20.93061643,51.54659239,6.501297734,Vegetables
3.614118472,0.2482504403,3.804350546,15.13958984,69.31101045,6.725606061,Vegetables
3.569730604,0.3241565594,5.588069145,9.696692497,52.96477614,6.292796463,Vegetables
2.106974674,0.3409855329,3.674248528,26.88654927,69.01355427,6.894989771,Cereal
2.520609957,0.2372892699,2.754590568,5.34854726,52.3481424,6.956103682,Vegetables
3.984901282,0.2326051381,2.053028808,25.06161219,64.11743786,6.552384394,Cereal
2.556365692,0.4755607494,0.4253040625,27.68031127,50.93862931,6.188217411,Pulses
3.766806615,0.2628654574,0.3722967486,24.19418604,57.66000999,6.131147846,Pulses
2.503431563,0.3392258367,5.878749445,20.93430679,61.24713676,6.898462592,Vegetables
1.502049269,0.2060035114,3.173832561,30.01071306,69.48590007,6.624374007,Cereal
2.033373817,0.2186296485,0.3532818472,22.80741391,58.93252717,7.215977124,Pulses
1.754506781,0.2459476502,3.584504989,12.31789495,51.83035154,6.851532783,Vegetables
2.155119659,0.4436637662,0.3294353301,19.95229189,59.63276039,6.619259412,Pulses
2.600044684,0.3921254031,3.76514095,24.08954885,56.71746648,6.931113755,Vegetables
1.970960206,0.2907955272,5.568196965,23.06192168,59.67378614,6.027228095,Vegetables
2.724453363,0.4181507132,2.234709435,34.60289032,65.21452754,5.517089638,Cereal
3.472175554,0.4793136468,3.717930734,31.2262162,53.12418774,6.012305954,Cereal
2.647255831,0.2027090083,0.3104590122,22.7823463,58.88562842,7.251885081,Pulses
2.558705715,0.2903373964,3.215301811,17.47740099,73.95556285,6.860772666,Cereal
1.717422356,0.4258929956,3.176173612,23.34595646,66.34096618,7.916989833,Cereal
2.994320769,0.4777256743,3.013250711,30.21586343,57.87502712,5.55956852,Cereal
2.649125805,0.2195085346,2.86818249,31.02670732,50.69371816,5.879965205,Cereal
3.29953192,0.2748243591,0.3187524682,16.98101052,68.02435258,6.559531572,Pulses
3.679826991,0.3168391044,3.524009433,32.65706771,72.16241686,8.403163835,Cereal
3.343473251,0.473969444,0.3504464973,22.53923703,61.03997842,6.848573461,Pulses
1.404146302,0.4373380546,2.027508831,15.71557854,68.77942912,5.772250921,Cereal
2.120372544,0.2542228517,3.689766189,17.75248004,70.56870424,7.633653203,Cereal
2.963124985,0.4019561833,4.647616323,10.13470276,51.42924226,6.81719306,Vegetables
3.157050344,0.3677965448,5.023045646,28.83640573,66.72956417,6.885198935,Vegetables
1.399280431,0.2934914703,4.905461358,17.07764359,61.05697048,6.633070317,Vegetables
3.881030179,0.2762965777,0.4910524573,16.18354644,63.59480047,7.697486204,Pulses
1.504548812,0.3775897158,3.877820555,9.591070209,56.21069967,6.735555787,Vegetables
2.407582256,0.237006326,5.304391422,23.13173779,56.17992381,6.350677998,Vegetables
2.857817145,0.2188870181,5.598929482,28.73559402,58.14473044,6.448170037,Vegetables
3.84043497,0.2080802442,0.3709778591,23.13503386,52.97868209,7.48358742,Pulses
2.972190983,0.2842649023,3.511388548,14.40503692,69.32149021,6.70675612,Vegetables
3.084280334,0.4243254292,2.311484411,34.17031232,51.38903164,5.747116376,Cereal
1.474826292,0.2032185682,2.708899169,18.35990238,64.34228002,6.779882915,Vegetables
3.435995393,0.2452356435,4.391521345,23.5932233,57.05662517,6.218142511,Vegetables
2.507469779,0.2717905907,3.158589149,25.53937644,75.65370444,7.940374146,Cereal
3.211971377,0.4205762828,0.3925199248,17.35266173,67.67909776,6.187384241,Pulses
2.531576098,0.4702042711,3.30315398,21.59061823,51.51330417,6.661574459,Vegetables
3.37090369,0.4310007599,3.323818701,26.36887301,52.92993514,5.791662484,Cereal
1.65014998,0.3299888183,4.744568174,25.82559546,50.97223285,6.218532781,Vegetables
3.045970277,0.3402496449,2.343643035,30.09180329,64.48580645,7.772944777,Cereal
2.105820246,0.4097069459,3.124413433,26.56971549,57.44154641,6.238271665,Vegetables
2.841897471,0.2382202093,3.460055082,30.73777834,56.68701977,7.307396899,Cereal
3.801327993,0.4309942926,0.3434623957,16.76810074,63.3587545,7.015839177,Pulses
2.966383061,0.330811191,0.3472967834,15.22789718,63.16286692,6.937018684,Pulses
2.426508875,0.4110590039,2.385948585,33.41752351,56.09265242,7.07740376,Cereal
1.495435904,0.3615974095,3.190321328,31.13342886,74.42866906,6.706817919,Cereal
2.174750782,0.4125640195,3.042194842,18.71649846,67.91022124,6.304171325,Cereal
1.18304313,0.3741619588,3.635917114,31.23314898,61.93379536,6.801558885,Cereal
2.295499612,0.2863584863,3.102861229,24.9134542,64.48347558,7.486795495,Cereal
1.520702992,0.4828363646,2.305537611,23.67729692,72.35141141,7.688976563,Cereal
2.076643899,0.4122085739,3.301619955,24.64284574,70.41308744,6.773215128,Cereal
3.624020874,0.4276372587,2.650304475,20.58865133,65.33447853,7.816625113,Cereal
3.591619525,0.4638112352,4.790567477,21.91832941,62.02251889,6.563626947,Vegetables
2.28709116,0.4087432841,2.857196713,18.46498038,68.38159038,6.872489805,Cereal
2.618557648,0.4392023846,2.523101451,32.37688915,61.69280192,6.0314382,Cereal
2.725157342,0.4127685263,4.985445865,10.43993845,60.32557841,6.096375956,Vegetables
2.183951542,0.3693778264,2.307279994,19.38783448,56.62991454,8.223634198,Cereal
1.565004453,0.2416355118,4.90460685,9.02506715,55.22632457,6.839187773,Vegetables
1.467157598,0.4456517664,4.217518356,12.18630216,55.13753188,6.335978668,Vegetables
2.866401606,0.292747522,3.193234085,15.14981378,54.00954676,6.6736407,Vegetables
2.07432842,0.400042629,0.3481943358,20.66893539,68.979404,7.082396717,Pulses
2.62731419,0.422557661,3.544890282,16.86428186,75.69957265,8.091718322,Cereal
2.624479376,0.4287952432,0.431683358,28.16523387,61.95154612,6.955962659,Pulses
2.930286884,0.2841219699,0.3327991922,24.95922375,55.39142616,6.142958508,Pulses
1.635354275,0.4239557351,2.801573241,20.13678367,70.006087,7.674161279,Cereal
2.450840599,0.290832253,0.3381641122,28.34562601,68.34786011,7.642084008,Pulses
3.494890741,0.2645820657,3.223835193,17.30073298,55.33727415,7.392548089,Cereal
3.867008583,0.4247166715,0.3988674508,21.90782106,62.78802585,7.841986316,Pulses
3.158299635,0.4215072917,0.3953001503,19.89312282,55.38243791,6.243905379,Pulses
3.156806644,0.4283742572,2.47204539,25.30145985,73.85336537,7.660729518,Cereal
3.106502674,0.2373206798,0.3560238776,25.20636523,60.24479024,6.236750802,Pulses
3.12380396,0.2681140169,0.4816180986,23.94979423,54.33605226,6.120368399,Pulses
1.826133727,0.3070772394,5.900225106,25.26340256,68.30376604,6.064611483,Vegetables
3.068269284,0.4039766322,0.3978895438,28.91091286,66.87516277,7.342902532,Pulses
2.786437849,0.4918102048,2.5226716,6.035132238,58.48561919,6.795865524,Vegetables
3.412604037,0.3952425181,3.761774858,18.91056724,59.35203371,6.855319527,Vegetables
3.814541188,0.3437620654,5.935731044,14.49764369,63.53736654,6.428557754,Vegetables
1.712857794,0.301426004,2.26283113,27.40205175,77.66689093,6.080780004,Cereal
2.381199033,0.492863893,5.106750313,17.68339528,57.01928238,6.150252835,Vegetables
2.435960212,0.2257119689,3.050677848,20.18955966,63.51176463,6.941018165,Vegetables
1.361379689,0.4828138866,5.953787422,11.70551229,62.74049403,6.401729103,Vegetables
1.386417378,0.4058350922,2.965025604,20.26912681,78.00026244,7.573282523,Cereal
2.292849452,0.2325048265,0.4186136177,15.29464946,62.47861503,7.285981384,Pulses
1.992324975,0.3754986178,3.04717538,27.41614052,66.7736105,8.404968055,Cereal
1.90672346,0.2258356025,2.615021835,19.30609469,52.37857216,7.09721042,Cereal
2.419447109,0.2349808449,4.949994536,12.48936364,66.36560138,6.014133655,Vegetables
2.879960045,0.377359954,4.053191278,27.8412949,62.49103134,6.233378253,Vegetables
2.600959486,0.3434235293,0.3696290663,28.08917551,66.61927775,6.409804914,Pulses
3.196864402,0.3209595373,2.491806274,24.55960528,61.92620394,7.626478063,Cereal
3.54698532,0.2367145806,2.405922956,26.97132705,73.93119524,5.804742992,Cereal
1.448276086,0.497899979,3.288728822,12.49565567,55.51512038,6.235791437,Vegetables
3.809452485,0.2165823282,3.476967824,23.96598858,57.24326655,6.992668651,Vegetables
3.515037268,0.4642956851,0.3694470679,15.29703769,64.99093289,6.280351631,Pulses
2.950807523,0.3296627274,0.4787719585,15.64774901,63.58029917,6.389591039,Pulses
3.644808028,0.2671683611,0.3748085817,18.59996891,66.15188451,7.072724017,Pulses
2.827414919,0.2644741756,0.3332002192,27.1805058,66.84373623,6.270925136,Pulses
1.394008858,0.4848689857,3.296747165,7.749022071,55.61477899,6.984044467,Vegetables
2.708201167,0.24246414,0.3088549429,29.03333996,64.67569895,6.011983191,Pulses
3.557961613,0.3595140841,3.373003062,18.56158591,53.40002384,7.668906692,Cereal
3.334989369,0.2430426939,4.540026252,17.39661234,54.30565679,6.263113328,Vegetables
1.093770015,0.345074041,3.364822677,24.47293641,69.04627597,6.997044537,Vegetables
3.042369247,0.4066923495,5.77659546,4.298969143,69.80638946,6.526623008,Vegetables
3.265127673,0.2195887451,0.4573419183,28.87457129,55.98059122,7.733950155,Pulses
2.111105206,0.3531816319,3.261188876,25.38180314,71.50795051,5.794126042,Cereal
2.323425829,0.4893588651,0.3659524345,16.37518496,62.43897146,6.945719651,Pulses
2.518756622,0.280388337,0.4052960066,25.35267255,65.66427375,7.738499443,Pulses
2.755294815,0.4084897184,4.079575917,18.34532221,54.43755849,6.535964666,Vegetables
3.565229412,0.4934725242,2.704442178,21.80720494,50.6894028,6.336723775,Vegetables
2.109049815,0.4214081895,3.854741076,23.18334625,51.38005128,7.827988158,Cereal
3.174466788,0.3227819118,0.3596767843,23.3841812,51.10449967,7.30121686,Pulses
1.935223841,0.3674271385,3.077381345,11.86035012,68.22637551,6.11380413,Vegetables
3.796495485,0.2140117424,2.340229214,20.44803012,79.17238859,7.15210325,Cereal
2.976375121,0.2845302229,3.795918734,20.84933134,67.97615746,6.979685239,Vegetables
3.611241827,0.2063069602,3.069271897,32.00048198,56.48852831,8.332345075,Cereal
2.245265544,0.26966368,0.4364967838,29.76998634,65.43415317,7.315345872,Pulses
2.75738271,0.3171491163,3.579663737,15.10002622,50.47070592,5.831424164,Cereal
2.055368499,0.361259508,2.045930167,21.3770064,72.13061183,6.918526941,Cereal
2.949778074,0.2394183336,0.3267493137,28.66392511,56.60618242,7.513572366,Pulses
2.412331541,0.3587221021,2.098792611,21.03815994,61.29596584,6.493835036,Cereal
3.065416259,0.4618000206,3.457446844,32.96154582,60.58894214,7.421445066,Cereal
2.265503256,0.3963720034,3.307675306,20.89247066,52.44634893,8.241004024,Cereal
2.446149842,0.4829953355,0.3348641461,28.79818457,50.45097973,6.637148023,Pulses
2.321677893,0.3949765954,0.4876486372,24.8803032,59.63040422,7.838579632,Pulses
3.756903221,0.3107078513,0.4991734539,26.29683426,54.94779001,7.849004033,Pulses
3.069224677,0.4825670906,3.0198351,21.97520733,62.49348255,7.229312528,Cereal
2.513780429,0.3742692498,2.013587981,9.362206639,65.57028626,6.211366087,Vegetables
2.373764274,0.4537402096,4.22478787,16.62567073,62.15245447,6.050099,Vegetables
3.678709262,0.3146234652,3.007646423,25.93219139,52.47218821,6.498219532,Vegetables
3.002162478,0.3300050231,2.706416748,5.416748543,69.86651997,6.963209127,Vegetables
2.77194984,0.2252396015,0.4277313557,24.62694688,54.80220195,7.020822215,Pulses
2.765717339,0.4358315433,0.4150150052,24.49931121,53.49473973,7.064661782,Pulses
3.874273367,0.2538332171,4.23873185,8.116059909,57.55016551,6.389293921,Vegetables
1.950122941,0.2696965919,5.858026049,24.37169226,64.81846535,6.533633352,Vegetables
3.328294502,0.4374461954,3.491362252,10.99165549,63.90831974,6.662687538,Vegetables
2.643797536,0.3663501463,5.350373369,7.296780191,64.06336714,6.64510301,Vegetables
2.238933054,0.4558068205,5.948406684,20.62693894,64.18292389,6.595184927,Vegetables
3.667702795,0.416425631,4.466319778,14.21156971,59.62911858,6.543737168,Vegetables
2.464963769,0.2717413838,0.4462803883,25.9226088,54.11249559,7.569482633,Pulses
3.581680546,0.3690110164,2.886343367,22.60987573,51.26634589,6.438546228,Cereal
2.422355895,0.2779514336,3.431754966,33.32309163,71.88584958,8.275305186,Cereal
2.625760877,0.4394435543,0.4839099575,27.37493742,68.13685489,6.557008748,Pulses
1.534332323,0.2303593096,2.706753491,33.49038885,71.4791494,6.780327389,Cereal
1.907141011,0.411884843,2.805922468,9.560552546,68.67730828,6.84259209,Vegetables
3.812249453,0.2865477579,2.363057387,32.92410237,70.94873377,7.824500695,Cereal
2.601366335,0.3586085056,0.4584566813,25.53711961,59.00424964,6.826535715,Pulses
1.417901699,0.3491061718,3.881278099,16.92218446,51.71169213,7.360855936,Cereal
3.331894693,0.4257615754,3.349709798,13.2008378,59.4915685,6.304881268,Vegetables
2.968712949,0.2769092859,3.194352648,15.15615948,60.24175615,6.251850863,Vegetables
2.94095317,0.4999505873,0.3794812552,17.57289992,55.40720818,7.690749308,Pulses
1.336530177,0.2598980323,2.608647434,4.846238564,69.17564572,6.203281419,Vegetables
3.143301878,0.29860107,3.266073313,18.1848392,55.97159902,7.597474569,Cereal
3.506791502,0.3656453247,2.037720726,14.09462228,59.64798893,6.822948172,Vegetables
1.854921752,0.4078279919,4.809359341,25.99765041,51.12189591,6.100280678,Vegetables
2.63732242,0.4681498707,0.3415189432,20.1198101,51.42407463,6.000337266,Pulses
3.131649092,0.4486556781,5.598751586,5.394614143,61.55048852,6.760162313,Vegetables
2.61568,0.4436233066,2.471944419,24.86677871,50.50082433,6.453501009,Cereal
2.645484305,0.320897636,4.808288797,20.80411343,55.05841838,6.335176815,Vegetables
2.267297949,0.3956720667,2.03366748,21.38460964,60.29794528,6.422584425,Vegetables
2.002831239,0.2748457355,0.4576864882,23.88082924,63.83104644,7.268073721,Pulses
1.941107514,0.2078160394,5.242304482,9.662942117,50.96603424,6.689452697,Vegetables
2.58874734,0.3760572834,2.833419643,22.45289031,62.32535735,6.03844331,Vegetables
3.223435978,0.2677577745,5.140475215,14.99777762,63.36078309,6.453026008,Vegetables
3.888118516,0.2758398845,3.866467791,6.4279982,64.66526766,6.681125668,Vegetables
2.564271455,0.4916838544,2.463174501,20.96882596,68.96132579,6.405465198,Vegetables
2.554038847,0.2083249473,4.834610564,5.019762674,64.06942906,6.754675077,Vegetables
1.339787246,0.3730469787,3.270622768,15.53389545,72.14581124,7.824532283,Cereal
1.475205704,0.4190384449,4.463203852,8.26849525,65.18191767,6.34701993,Vegetables
3.28627414,0.287082033,3.944341645,15.60576158,70.84355634,7.675540618,Cereal
3.5404123,0.4653048715,0.3606109166,22.31859958,50.61967962,7.105431486,Pulses
3.568539969,0.2965304396,3.660711872,33.32514875,54.91661884,5.560576089,Cereal
3.034912666,0.4272789984,4.155851149,23.11695922,66.42991393,6.384233777,Vegetables
3.371351852,0.2958983601,3.558295253,18.71566679,58.4491295,6.707149887,Cereal
2.697613393,0.3524478738,0.3276979866,24.30657567,52.87579251,6.996166209,Pulses
3.373774904,0.3197089403,0.3874110572,23.34190795,50.88724176,7.443551864,Pulses
2.908460976,0.2345795179,3.808491164,29.62519243,56.01913846,7.611874358,Cereal
2.315273069,0.3667155361,2.144629795,19.49776972,63.84502391,6.546875329,Vegetables
1.960631241,0.4697476559,2.307889024,17.94250494,65.41524787,6.091364909,Vegetables
3.134463624,0.2974508124,0.4252279758,29.47960579,62.1095056,7.149519428,Pulses
3.207925356,0.3426054035,3.596008005,32.40185173,78.89402796,7.871987631,Cereal
2.087116058,0.2607582369,2.597413155,24.88905478,55.85501911,6.476174119,Vegetables
1.414208499,0.2918230636,4.232920248,18.01058629,61.45420606,6.490608197,Vegetables
1.548766498,0.4584928096,2.082915997,10.77585284,53.51057702,6.041936846,Vegetables
3.269967312,0.4867929604,3.246676512,24.72678694,59.71634669,6.921885556,Vegetables
3.762149641,0.45222418,0.4727913371,22.00210936,53.10160071,6.787426317,Pulses
3.433953922,0.2815200033,3.49392941,32.03254614,71.87326324,6.545263832,Cereal
1.506195572,0.4358069379,3.151285164,20.35124228,58.00656748,6.004863082,Cereal
2.96018511,0.4951829492,5.379828414,21.43016207,68.00155192,6.401373136,Vegetables
3.554316138,0.4008136207,0.4506091811,16.6574152,63.04152512,7.282008851,Pulses
2.896048814,0.3122252957,2.182216366,20.39310983,72.65098108,6.290359099,Cereal
1.755778463,0.4142080946,5.089535362,21.41456549,52.75095156,6.710300038,Vegetables
3.459095873,0.2940137028,0.4344410477,26.46803157,62.71720163,7.271593864,Pulses
3.092070957,0.2388614066,3.881341359,23.5678765,69.38704867,5.765845716,Cereal
3.642644029,0.2060182306,0.3719675211,28.77855696,59.83110426,6.342216932,Pulses
2.4035256,0.3856046983,0.3729617528,22.27549678,62.82886527,6.661875552,Pulses
3.980550266,0.3819948983,2.356506822,21.95780019,57.48622931,6.163602398,Vegetables
3.117933695,0.4919405816,4.562001606,27.15108965,64.6356639,6.954441747,Vegetables
2.323454547,0.4735944208,2.157469421,19.56333589,55.12666611,6.939418452,Cereal
3.534952612,0.4271970135,4.067774714,19.46058046,55.33979746,6.662900412,Vegetables
2.765455861,0.2599285073,0.4268065514,22.42291615,65.08401834,7.358217753,Pulses
3.242204075,0.2001464739,0.3301567379,16.27443009,55.67271543,7.935288833,Pulses
2.629209282,0.2675798289,0.3068724893,26.08779403,66.4360483,6.793554678,Pulses
2.306618535,0.2647048622,3.874214636,28.52885784,50.31704867,7.00247204,Cereal
1.031094185,0.3639651777,3.842318842,6.823440951,52.39241327,6.685802889,Vegetables
3.983572439,0.4274849324,4.64886784,9.041318674,60.33998257,6.332744033,Vegetables
2.499949922,0.2334117362,2.72665274,16.222177,51.02709648,6.681352474,Vegetables
2.054035834,0.2513591861,3.062878187,21.24998842,54.04601483,6.241997048,Cereal
3.911225386,0.3092799186,5.713419675,5.928018621,58.90210599,6.659836598,Vegetables
3.952341383,0.3388782475,4.429561716,13.245838,57.35668087,6.390759274,Vegetables
1.213725026,0.4613968133,3.70993127,16.75880421,62.47235447,5.541627592,Cereal
2.295143078,0.2839189252,2.3502619,17.39924984,77.64873824,5.525062367,Cereal
2.568022208,0.4063223375,3.746249319,22.17438369,59.87574831,7.024191905,Cereal
3.733697475,0.2882671947,2.61759992,25.63156432,73.01251965,6.168698445,Cereal
2.715892548,0.2098651511,4.628084242,15.29240146,53.52171278,6.274835032,Vegetables
1.798455605,0.2893771899,3.724420528,13.88200084,54.88229255,6.409880539,Vegetables
3.015726444,0.4640426185,3.64064822,25.73721935,68.25719579,7.493551042,Cereal
3.988104532,0.4971273788,2.73396714,23.37139817,74.01561654,7.591629774,Cereal
2.591425071,0.3825226048,5.121485096,20.9296232,54.48324569,6.291485605,Vegetables
2.797077055,0.2502980357,0.3867150496,19.22639787,53.13593971,6.582690358,Pulses
1.76096558,0.2436156339,4.453509571,14.34710987,64.247751,6.385044975,Vegetables
2.859782355,0.310433003,4.284647313,16.66050881,56.42506689,6.619698411,Vegetables
3.551321649,0.2031625885,3.602969424,29.83570365,60.76267122,5.584597884,Cereal
3.440582067,0.2928774468,0.4395748892,24.86542228,64.55737601,7.840131078,Pulses
2.933388037,0.2721815718,4.170775675,11.6710755,56.99611451,6.671909919,Vegetables
2.431464174,0.4966910182,2.223663103,31.26037401,74.40190015,7.656568399,Cereal
3.173002875,0.3378317581,2.360957521,25.80626366,76.84557625,7.815869506,Cereal
1.875731075,0.4398494572,3.272513025,26.96607305,50.50053721,6.266694287,Vegetables
1.375495254,0.4689926159,2.163389069,20.21765432,65.11931551,7.865355835,Cereal
2.292851198,0.4101333091,0.4056165249,22.29196203,63.86161635,6.332235627,Pulses
3.869174281,0.2683529367,5.191520098,10.85898997,65.92170762,6.595851254,Vegetables
2.363194357,0.3302608222,3.741592716,24.9211017,65.16709024,6.050154927,Cereal
3.229970106,0.4761013373,5.051916961,19.76111059,69.8303255,6.508508114,Vegetables
3.877382256,0.2564946565,0.3263955949,24.68966089,65.53881606,6.429377643,Pulses
2.454376253,0.4217919643,0.4729513199,20.41525065,52.69994828,6.542342291,Pulses
2.740684939,0.3299148082,0.3709604111,23.29617045,51.18077428,6.068771495,Pulses
1.733700196,0.2223474764,4.243023039,24.76727534,50.78196521,6.086089022,Vegetables
2.717255199,0.4990188487,0.4236314124,28.12917341,56.96822515,6.650600923,Pulses
3.65121432,0.3080139247,3.81475845,24.94279659,64.12470744,6.842560455,Vegetables
1.207134121,0.3999371743,4.671654452,24.0810108,62.07837715,6.4430319,Vegetables
1.81734241,0.3828958978,3.53962454,18.35630552,58.54733748,6.427887778,Vegetables
1.465226761,0.4084252765,2.377787656,16.64512325,53.2580274,8.019510212,Cereal
1.891022337,0.4119076804,4.861733938,21.6420621,50.89064664,6.280969493,Vegetables
2.98263457,0.4564446193,3.776949939,24.22163132,58.98975529,6.339615855,Vegetables
2.717672766,0.4269497026,3.875152882,26.54654447,72.7171175,5.813547315,Cereal
3.188891069,0.4995331572,3.60631958,19.02707127,59.33646996,8.087227683,Cereal
3.386011755,0.3281663382,0.4139496212,26.65047505,68.64700013,7.97107876,Pulses
2.899425102,0.2416984594,3.118255679,23.66865501,67.9917469,6.764114384,Cereal
2.137116067,0.3735084194,2.469864748,25.88758539,59.14434406,7.43779195,Cereal
2.868324232,0.4080803355,2.371255399,12.54802449,60.99889434,6.512339075,Vegetables
2.902362865,0.4146947641,2.577535922,22.31914287,71.63921973,6.754796842,Cereal
2.085978588,0.4364034961,0.3491026378,20.18627392,65.9652145,6.937633393,Pulses
3.020497357,0.2991623374,0.4109462907,18.33153559,64.97012904,6.064683562,Pulses
3.710170887,0.2439885641,2.159720967,25.93792053,79.75757885,5.873915021,Cereal
2.008237975,0.2757739351,0.4854813308,24.1297456,58.74061402,7.648460686,Pulses
3.947767911,0.3739645437,4.238340456,19.09197753,57.83334262,6.701957069,Vegetables
3.86569727,0.4629103116,2.86924009,24.02070384,73.26881167,6.741846501,Cereal
2.65053573,0.211916855,2.303152292,11.03744804,56.64597366,6.290965473,Vegetables
2.299734499,0.46804549,5.990712389,10.71278494,63.77637101,6.815387535,Vegetables
3.722457098,0.3705402314,3.767980822,22.62526805,50.68881598,7.016079846,Cereal
3.681326055,0.4308591253,3.233143744,23.74285842,56.16498711,8.113569012,Cereal
1.997407623,0.416409496,2.094639799,17.72442546,61.48202864,8.072987569,Cereal
2.767330471,0.2511884087,2.529791564,20.34367094,67.27041647,6.577331119,Vegetables
1.873613254,0.3596362335,2.526225323,31.9112803,72.74027449,6.708601903,Cereal
2.320405962,0.298408918,0.4019283081,28.73824077,66.04828315,6.923487566,Pulses
2.546173434,0.2672850431,0.3584960298,29.98380442,50.00813672,6.254729313,Pulses
2.963702582,0.3808433457,4.956048496,20.4758794,68.94583822,6.596171455,Vegetables
3.194937597,0.3167573063,0.4255449107,15.57059059,59.89212896,6.241444966,Pulses
2.269442092,0.319150094,0.4652431041,22.31571292,57.88014475,7.782715698,Pulses
3.014787815,0.3711275178,0.3973396138,16.91299008,50.29055557,7.093610646,Pulses
3.231052024,0.4638988116,0.460806533,15.17839943,61.78766563,6.193181042,Pulses
3.23787259,0.278289862,3.540952783,13.25683476,58.14586463,6.942145049,Vegetables
3.777923083,0.3581932492,4.144799774,8.167777892,55.18695465,6.892630609,Vegetables
1.720972463,0.3368308441,2.061486638,17.75999304,77.40923256,5.817468833,Cereal
3.379341925,0.2656868869,0.3157483138,22.7624281,63.97799697,7.664683419,Pulses
2.176718834,0.399314179,0.3853949964,15.07417939,64.81161317,6.653788174,Pulses
2.483906097,0.4930248244,2.358185429,17.05752907,50.17621337,7.897642289,Cereal
2.641482651,0.4371124379,2.32121209,33.2239482,59.59270737,7.063624571,Cereal
2.023928117,0.3749447793,5.387839071,15.70288775,68.96903945,6.476905492,Vegetables
2.225648802,0.3574477727,2.670646002,34.20660733,64.37141495,8.338359353,Cereal
1.18064715,0.2872271562,5.50258178,16.84894029,56.30919647,6.862458967,Vegetables
3.892052906,0.4537516966,3.856022651,24.45504936,63.88587764,6.033913788,Vegetables
3.544207933,0.4955821931,2.71671566,23.23371581,51.43678411,7.374122403,Cereal
2.842094885,0.2940985799,3.845376879,10.25628904,55.89705686,6.865809655,Vegetables
3.19578258,0.2615228329,2.355313182,6.350114965,50.1455203,6.57335163,Vegetables
1.511251537,0.4920238903,3.156129033,15.62420347,55.92004353,6.309280875,Vegetables
1.935820016,0.4443529724,5.182079325,7.963056379,60.93676933,6.332250418,Vegetables
2.786082466,0.3906591535,3.174679934,30.02570077,71.04602562,7.304183442,Cereal
3.427909658,0.2825992591,2.596137027,26.07216729,75.16205839,7.373985187,Cereal
2.737191894,0.4793900111,2.054990839,22.31020714,54.27454347,6.991959507,Cereal
2.020441101,0.4904631406,2.671507533,19.92209023,56.79279308,6.111123208,Cereal
1.588252116,0.2052003888,2.178155404,30.50310652,65.82541068,5.984758611,Cereal
2.828249685,0.4830404203,2.54248321,24.81406129,60.37118158,6.02961469,Cereal
2.633697799,0.4649677243,0.3817749712,23.50397708,62.29259758,7.967430473,Pulses
2.08184467,0.3769560604,3.868899513,5.971355649,66.97550248,6.256970416,Vegetables
2.073405764,0.3451254899,5.47531188,16.91597377,63.27155868,6.001278257,Vegetables
3.984787061,0.4154390554,4.182606605,16.27524766,66.1860301,6.773362888,Vegetables
3.7189641,0.2096486071,5.001352864,10.753879,57.74423828,6.742108449,Vegetables
3.046830031,0.3143989387,2.447742784,27.26367642,54.40597561,6.081506864,Cereal
1.849837651,0.4230223762,3.686111061,27.91855352,66.0694666,5.534039308,Cereal
1.002459065,0.4303833582,2.124490239,19.27293634,53.86815918,7.301471584,Cereal
3.814924874,0.401941616,3.148222692,33.33933461,67.07346444,6.953029029,Cereal
3.924498314,0.4349536639,0.3829388734,26.51483021,59.161515,6.48393914,Pulses
3.685299496,0.3366051258,3.750214972,11.98214287,68.14986421,6.287446163,Vegetables
2.175078025,0.3515085632,0.4273121004,18.45183912,69.59987927,7.53315101,Pulses
1.492165977,0.2517125701,2.251113616,15.93986705,58.79239437,8.493226462,Cereal
3.099694977,0.4393483232,2.961587166,21.59774256,56.62696449,6.436473343,Vegetables
3.874549368,0.2291621203,2.736014568,30.85935892,62.82753494,6.821230084,Cereal
3.168919186,0.401174824,0.3190846979,23.30820009,52.7852962,7.901007691,Pulses
3.187633264,0.2029542905,2.207273058,24.34978522,65.22676237,5.971357388,Cereal
3.226237944,0.4605746166,5.655917727,22.65242401,65.41990815,6.06532539,Vegetables
3.944645259,0.3243312307,5.86165008,20.06872523,66.00307965,6.637607163,Vegetables
3.489641025,0.207578861,2.920311805,17.45494529,58.17734816,5.684564838,Cereal
3.166509943,0.3675619072,3.400020377,27.10794702,57.84469425,6.104105209,Vegetables
3.108683499,0.2063197246,0.3063567728,29.7728858,60.38769717,6.031338257,Pulses
2.254105598,0.2882995654,3.773925387,11.8761449,61.65070722,6.397633713,Vegetables
2.724945079,0.4982279447,0.4030147442,29.67154852,65.92545718,7.05393901,Pulses
3.631469917,0.4148026542,0.3667600483,22.71406967,62.87843927,7.995023784,Pulses
1.568948717,0.3271999307,2.955212589,25.92971731,77.78810687,8.280582758,Cereal
3.480512103,0.2536775366,0.4598197351,20.48248695,57.78459641,6.799923534,Pulses
1.821820307,0.3557009475,2.928615617,25.44512048,69.43730674,6.832313873,Cereal
2.631269836,0.4557593091,2.032534898,25.73756893,75.83115785,7.167482639,Cereal
2.407517183,0.3897968532,4.339550961,6.467163385,60.08568305,6.381387077,Vegetables
3.373762008,0.4423246315,0.397419937,19.15518835,64.35375038,6.4333633,Pulses
2.481393876,0.4794922414,2.300976817,15.58962075,77.94373451,5.832431225,Cereal
3.020051557,0.4384913018,2.16535225,21.96219434,61.77568063,6.50974289,Cereal
3.636888466,0.2123057741,2.522480476,14.28719913,54.56237301,6.846205479,Vegetables
2.036262312,0.2493063208,3.234155425,18.83259047,71.04866479,8.27569125,Cereal
2.689112776,0.4624802271,0.3971185562,23.04538536,58.76630454,6.76913196,Pulses
1.625469853,0.4179974263,4.35421844,5.222376317,56.22026656,6.327187272,Vegetables
1.245527636,0.3462889974,3.957957478,21.37731404,69.98353164,6.714761737,Vegetables
3.297993873,0.4969391042,2.730518826,9.981576884,66.89491759,6.019007192,Vegetables
1.537693518,0.2521835463,3.309050199,12.58751221,69.75881946,6.909866601,Vegetables
3.376648338,0.485278699,5.132369589,16.95322766,62.40624095,6.958024723,Vegetables
3.236731954,0.3605859853,3.875821283,34.92196583,64.03956534,7.281626545,Cereal
2.455494141,0.2365328847,3.504781273,23.02348576,55.73393824,8.191101693,Cereal
1.878948507,0.2254640466,2.046311465,27.46875787,61.41404134,7.004071623,Cereal
3.324808381,0.3318901068,0.3489254572,20.74268085,58.27172152,6.181746178,Pulses
3.192857943,0.402865475,0.4329985061,17.23954936,61.6684585,7.859776095,Pulses
3.038938271,0.2659673071,2.509616788,4.180736109,58.95957194,6.484327331,Vegetables
2.760460997,0.3607065226,2.965622727,5.210309771,60.17160763,6.8732614,Vegetables
3.719935233,0.4903344847,0.3982912562,15.1124898,59.22939918,7.768956055,Pulses
1.664291689,0.3806133248,3.042201625,28.08777875,74.62429421,6.024720009,Cereal
3.00087633,0.2436409713,4.80328893,4.833703898,55.8477138,6.211407104,Vegetables
2.961064813,0.4437516637,3.014035311,33.53954786,75.11163429,6.895774845,Cereal
1.26573845,0.3264918411,5.663116316,15.99518665,62.56334155,6.693887741,Vegetables
1.489714663,0.4165336092,5.658297744,13.37735758,50.60374191,6.956678306,Vegetables
2.24634908,0.3136098692,0.4287241123,20.08781149,59.31578322,7.328741918,Pulses
2.111777549,0.3929793655,0.3144081037,16.04679285,50.51507545,6.661560188,Pulses
2.444303505,0.3679921965,2.458806096,32.44696876,67.66545464,6.464025386,Cereal
1.834514132,0.2933989412,4.213118704,7.57665426,54.83195605,6.134568336,Vegetables
3.395337841,0.3128835281,0.4167928571,27.98985021,55.76129972,7.412454652,Pulses
3.135344502,0.434935976,0.3723220768,22.38939687,68.90991554,7.851548277,Pulses
2.629811152,0.2320298554,4.427638168,23.17846417,61.06182704,6.003874035,Vegetables
1.483182419,0.2103195489,3.840142238,18.78777627,66.97864369,6.097951772,Cereal
3.341030656,0.4098750277,0.3296101782,24.00986061,68.15695427,7.531365113,Pulses
2.135928397,0.2047699312,0.3516938209,16.63064848,64.32190081,6.328583829,Pulses
3.40962691,0.3675818704,0.3730601926,17.16979662,51.73589366,6.992850959,Pulses
3.359563027,0.2262094545,0.3939721298,27.3580147,60.76165228,6.411384401,Pulses
3.760765667,0.222903057,3.17341017,31.08982731,78.39341654,6.374014892,Cereal
2.756733953,0.4854864146,3.830639343,30.2483975,70.46052713,6.375520202,Cereal
2.50401477,0.3503332914,0.3657437812,18.88908101,63.37910978,6.978288382,Pulses
2.615711314,0.4669113702,0.4081758027,29.03192897,67.25558329,6.629693136,Pulses
3.496191287,0.2894217372,0.4449387618,24.05520806,53.79625072,6.154524022,Pulses
3.168687502,0.2366527522,3.23477591,21.26332846,63.00397,8.404739937,Cereal
3.621492181,0.3638267879,3.985287235,15.9977386,59.59651558,6.651051636,Cereal
3.990536379,0.2200008961,0.4767693322,25.45247081,60.90502332,6.134290776,Pulses
1.117465283,0.2003061432,3.277352957,25.86981581,69.08937405,6.340454383,Cereal
1.941652354,0.3966823843,3.827270508,28.76729745,51.5868813,6.448867501,Vegetables
3.420405768,0.2674436988,0.3448111299,29.51119391,59.877607,6.291388382,Pulses
3.5512918,0.335723786,0.4060307806,19.82673135,66.28069471,7.412819904,Pulses
3.496599308,0.4790490457,3.589798773,17.3850411,65.53019709,6.906467099,Cereal
3.125322166,0.273196244,2.452067068,33.24234461,79.50326575,8.218832416,Cereal
2.726273472,0.2907889063,4.049442114,25.00521675,58.8418999,6.549329359,Vegetables
2.344416932,0.4938290438,0.3887566322,27.69701375,51.55041157,6.465960791,Pulses
3.23276361,0.273126289,0.4718379284,24.21923841,67.52466792,7.947010534,Pulses
2.552367982,0.2632066249,5.955865177,15.90532364,51.72598192,6.744161437,Vegetables
3.948378448,0.2048913516,3.440896135,25.87827255,62.60695502,7.403453102,Cereal
3.470814689,0.3842438892,0.3063176818,25.25281383,57.88922124,6.751380467,Pulses
2.730436015,0.4340661051,2.117994616,24.02980128,68.07493467,6.135446328,Vegetables
1.004802026,0.2689895369,2.988155231,12.29562345,65.05202256,6.220940701,Vegetables
3.10743558,0.4033471124,5.504310226,23.84927338,58.81918303,6.608600832,Vegetables
3.165781511,0.4845954201,2.245361057,17.65728738,67.53032435,6.525376233,Cereal
3.140739162,0.4939096038,0.4070381808,17.75330674,60.50568836,7.59312846,Pulses
2.625214909,0.3965078318,2.962145855,30.10161394,74.22785356,7.968221406,Cereal
3.694890293,0.4811216888,0.4581702546,20.05666876,65.04659637,7.484534248,Pulses
2.015461918,0.3995172762,0.3940098797,16.85644354,53.10553705,6.058138758,Pulses
3.657943507,0.2987771381,0.4794937233,22.64603907,62.92714598,7.028845975,Pulses
3.369972389,0.3411182641,2.241565657,26.27891454,51.67646869,7.31087253,Cereal
3.802276679,0.4251929613,0.3394716354,17.7349681,67.22424594,6.062941563,Pulses
3.451267603,0.4554883348,2.352373553,19.19518109,70.55087617,6.597441121,Cereal
1.778789507,0.4351577102,3.303537718,19.19462772,52.16601542,7.118616287,Cereal
1.503610384,0.3800419633,3.340557701,17.97793867,53.36274334,5.936773914,Cereal
3.027599659,0.4295563066,3.309281399,20.64815031,71.44032971,7.087730204,Cereal
3.490080733,0.2206338795,0.4398713084,18.621688,53.10293174,7.164086519,Pulses
3.216016111,0.3813157742,2.991328355,20.46250179,60.65695836,7.150138145,Cereal
2.054563332,0.4026987095,5.204056087,24.12308258,66.3062464,6.881655278,Vegetables
3.766723576,0.3173279743,3.375914335,20.07492095,68.07451365,6.356714321,Cereal
3.557463052,0.2414784238,3.033168586,9.040146342,50.17094993,6.509282896,Vegetables
3.949049726,0.3348621424,2.489487884,31.63774154,71.90051083,7.009020844,Cereal
1.792009826,0.3185015793,4.851450719,11.81902861,66.95606188,6.272388191,Vegetables
1.593215205,0.2947728017,3.001766995,21.10745018,63.50727629,7.830486948,Cereal
2.64229205,0.4580729818,0.4040966279,21.04595692,57.5555999,6.912843266,Pulses
2.260998732,0.3080631808,3.108296398,22.50958949,75.63927309,7.696463731,Cereal
3.642017273,0.2870796758,3.919057573,27.72430171,63.00106914,7.688919856,Cereal
2.939172873,0.3760471583,2.252234872,25.74259511,63.06655366,7.163864416,Cereal
2.539618318,0.2752279571,0.3865693152,24.32507221,50.28238749,7.631217712,Pulses
3.958664057,0.3448646797,0.3189743553,16.39221495,55.86443161,7.197239476,Pulses
3.538317583,0.2181425824,2.94495773,20.94030829,53.03882143,6.240709195,Vegetables
2.625440347,0.4032879084,2.263676046,8.066343745,55.56637317,6.59881193,Vegetables
3.561750325,0.3307667388,5.733842401,23.12907689,68.73892729,6.314845454,Vegetables
3.745761132,0.497884198,0.4523302115,19.63849452,60.92650097,7.168395724,Pulses
2.999295017,0.3873214608,0.367137272,18.9732359,69.48536119,6.724127809,Pulses
3.406628251,0.2443928837,3.255767447,4.361477068,52.6339347,6.520634485,Vegetables
3.091471401,0.211773374,2.138343102,22.26379634,71.55060178,7.758616509,Cereal
2.514274519,0.4097780106,0.406638342,20.49838981,69.28899197,7.411941271,Pulses
2.823063633,0.4103177442,0.4184873375,28.97175327,61.8853196,7.24756033,Pulses
1.59611353,0.3804283196,2.589117743,26.41179046,64.63007855,6.329182321,Vegetables
1.110551582,0.4267415352,4.945071383,16.61658344,62.39369203,6.1271519,Vegetables
1.346391417,0.2714160987,5.222762812,18.51033317,51.28418999,6.526605283,Vegetables
3.828037929,0.2105613,4.626166125,18.85188813,50.32907523,6.414187234,Vegetables
2.941884881,0.3960636326,2.923483863,28.09011759,56.9936866,6.948190391,Vegetables
3.1123452,0.4453403647,3.720094532,31.91213792,65.14166331,6.391565086,Cereal
3.675931248,0.3792010677,0.3754102544,16.5202975,62.15508802,7.672822418,Pulses
2.975913035,0.3053264215,2.727658039,33.67934174,54.26107022,5.796333862,Cereal
3.599792093,0.3597734462,0.3771964791,19.92723566,52.8264373,6.099831432,Pulses
2.410650241,0.2681966304,0.3667973433,29.46051692,61.36980488,7.426238428,Pulses
3.237516917,0.485644094,3.543769434,27.10094372,59.08964463,6.373728263,Cereal
2.95533068,0.4218746429,5.213504853,7.573629056,65.7914795,6.468263826,Vegetables
1.394260561,0.4257619911,3.680595375,25.44342441,70.24727078,5.677153498,Cereal
3.169390915,0.4866509027,2.900713307,27.95895076,63.23467103,6.350399022,Cereal
1.732810703,0.3309634104,2.532677095,29.83120824,54.0645002,8.213780801,Cereal
3.867184602,0.3386897989,3.687647966,21.72803874,53.69656876,6.607723743,Vegetables
3.715020811,0.2066546345,0.4798451924,19.03185511,65.84039334,6.743982667,Pulses
3.626620876,0.4368794342,0.4743009708,25.02540798,53.06521795,6.312243694,Pulses
2.756909016,0.3589981742,0.4593970888,17.77458163,53.0511359,6.625473374,Pulses
1.816572254,0.2272417055,2.300822206,16.71022447,63.77665216,8.296350078,Cereal
1.934497896,0.2549661401,5.025403254,10.82816467,59.10458992,6.935401848,Vegetables
3.875999945,0.2440816046,0.3829334736,18.17002096,65.63068883,6.086186679,Pulses
1.943110393,0.2581329936,5.677812073,27.54811947,69.71582217,6.158521392,Vegetables
2.345223337,0.3469609869,0.3179793869,21.15278069,52.15045886,6.885996217,Pulses
3.718719073,0.3521951724,0.4191035954,20.48834961,68.24147777,6.665852879,Pulses
3.23897009,0.4906167947,2.10609414,23.42645098,60.01343437,7.696683049,Cereal
3.338533099,0.4272054771,0.3240339163,19.52004883,60.40716682,7.544893967,Pulses
3.357635734,0.3202285504,2.502957843,33.56041239,70.18171738,6.181301452,Cereal
1.113571254,0.2371094014,2.455755919,23.06004683,59.84081942,6.819995912,Cereal
1.570720383,0.4270327769,4.288131989,15.06732697,61.53722904,6.598077186,Vegetables
3.35278617,0.447521843,0.3157093146,21.56090402,67.95643024,7.13778006,Pulses
3.21413915,0.2851795088,2.839631221,14.04487039,52.99432242,6.839508878,Vegetables
2.727627273,0.4093753589,0.3508541419,26.5997934,50.45869519,7.048216338,Pulses
1.439219935,0.4768616301,3.047266966,27.42826373,51.2705656,6.249268333,Vegetables
3.652949888,0.2451327273,5.708453471,9.351728381,59.47320977,6.220870236,Vegetables
3.542505464,0.3919922157,0.3600880394,23.91487307,64.5851726,6.984964905,Pulses
1.543990172,0.4211520362,2.293319139,19.66892062,67.49059485,6.674513815,Cereal
2.408239112,0.4648675103,0.4752589519,19.52501665,61.43793364,7.862354846,Pulses
2.389738525,0.3524237918,2.654263076,8.545052774,58.83177767,6.728498039,Vegetables
1.109078563,0.2730793759,2.331122682,32.07074943,66.19581048,8.216629243,Cereal
3.978035924,0.2176071799,0.4403784072,15.88211266,58.29081307,7.62240748,Pulses
3.024738535,0.4241143739,3.686056329,29.3087376,66.06740186,8.321241766,Cereal
2.438206044,0.2248530039,0.426276932,16.58396942,61.67597552,7.908508412,Pulses
2.58247231,0.3792191253,2.164492372,27.47022725,69.75165106,6.263273185,Vegetables
3.76219523,0.2075298237,2.147540894,8.422666538,65.10717814,6.983294934,Vegetables
3.362278757,0.2097802713,0.3740329873,25.54184777,66.26067609,6.203113012,Pulses
1.301936182,0.4373188623,5.618506251,19.46746992,50.19181336,6.062510191,Vegetables
3.013039201,0.3321601944,0.3321423536,22.34409335,52.84802126,7.948668378,Pulses
2.322967232,0.2373028411,3.332808904,15.63385249,73.01401266,6.282792217,Cereal
2.77774956,0.3670784788,0.4327222701,16.74392513,56.42811763,6.613566665,Pulses
1.977329641,0.2751712122,2.975366452,30.14205036,74.13248799,7.213615418,Cereal
1.155070626,0.2996062711,2.210273286,27.91008788,57.4929827,6.828538288,Vegetables
3.58063793,0.3054636555,2.931692437,14.43087624,51.87092845,6.684012447,Vegetables
1.19421876,0.3669542316,3.88274664,21.29839114,69.29602533,6.176446199,Cereal